title,subreddit,score,comments,url
[USA GIVEAWAY] Win the new 27” 4K Samsung Odyssey OLED G8 gaming monitor!,buildapc,0,0,https://www.reddit.com/r/buildapc/comments/1kal57k/usa_giveaway_win_the_new_27_4k_samsung_odyssey/
"TIL of the ""Ouroboros Effect"" - a collapse of AI models caused by a lack of original, human-generated content; thereby forcing them to ""feed"" on synthetic content, thereby leading to a rapid spiral of stupidity, sameness, and intellectual decay",todayilearned,0,0,https://techcrunch.com/2024/07/24/model-collapse-scientists-warn-against-letting-ai-eat-its-own-tail/
Is it really true MAGA is trying to scrub this photo from Reddit? Why would you unsleep dementia don?,AskUS,0,0,https://i.redd.it/ekwamsabrvxe1.jpeg
Another example of how not everyone with a degree is smart.,clevercomebacks,0,0,https://i.redd.it/ykpcjv3gzuxe1.jpeg
Anyone else’s MAGA friends/family getting realllllly quiet all of a sudden?,AskUS,0,0,https://www.reddit.com/r/AskUS/comments/1kall99/anyone_elses_maga_friendsfamily_getting/
Karolina leavitt: “this is a hostile and political act by Amazon” How is Informing consumers is “hostile”,thescoop,0,0,https://v.redd.it/49xc3qdinsxe1
"What improved your quality of life so much, you wish you did it sooner?",AskReddit,0,0,https://www.reddit.com/r/AskReddit/comments/1kaqizp/what_improved_your_quality_of_life_so_much_you/
me_irl,me_irl,0,0,https://i.redd.it/1nituuq7xuxe1.jpeg
AITAH for supporting my son grooming himself when my wife says he is too young?,AITAH,0,0,https://www.reddit.com/r/AITAH/comments/1kap9wb/aitah_for_supporting_my_son_grooming_himself_when/
I’m not a giant! What is this?,interestingasfuck,0,0,https://www.reddit.com/gallery/1kb1n7w
